title,url,thumbnail_url,channel_name,description
Egg Drop From Space,https://www.youtube.com/watch?v=BYVZh5kqaFg,,Mark Rober,Next year we’re doing this on Mars. Ask for the CrunchLabs Build Box for Christmas and then let’s build some cool stuff together. Get the Holiday special two FREE boxes at https://crunchlabs....
I’ll Never Fight Again,https://www.youtube.com/watch?v=GuMvZW0BsxM,,Logan Paul,"Get the WWE Logan Paul Action Figure ► https://Creations.Mattel.com SUBSCRIBE FOR DAILY VLOGS! ► http://bit.ly/Subscribe2Logan Watch Previous Vlog (I Took 4,120 Polaroids In 99 Days) ►..."
Why Finland Joining NATO Checkmates Russia,https://www.youtube.com/watch?v=si9Phc9ArpU,,RealLifeLore,Get a HUGE discount on a 2-year plan with NordVPN: https://nordvpn.com/reallifelore It's risk-free with Nord's 30 day money-back guarantee! Please Subscribe: http://bit.ly/2dB7VTO...
Watch: Annual Macy's Thanksgiving Day parade,https://www.youtube.com/watch?v=359IGLUlNhE,,USA TODAY,"In 1924, Macy's held its first parade but instead of focusing on Thanksgiving it was called Macy's Christmas Parade. The parade was held just by store employees and the hope was the celebration..."
What Happened To Me,https://www.youtube.com/watch?v=ml9eVc6ZR5A,,LostNUnbound,Why I Left YouTube....and am I back?
Christmas With My Son!,https://www.youtube.com/watch?v=kFGWYk1khMg,,Baylen Levine,Ho ho ho Merch: https://baylenlevine.com/ Instagram: https://www.instagram.com/baylenlevine/ Twitter: https://twitter.com/baylenlevine Facebook: https://www.facebook.com/baylenlevine/ Soundcloud:...
Scoring 1 AMAZING Goal With Every World Cup Ball (1930-2022),https://www.youtube.com/watch?v=72oQUQfe5Zw,,ChrisMD,Join my Sorare Global Cup league here: WIW2AQ https://sorare.com/invite/pl/WIW2AQ?referrer=chrismdixon10 Subscribe to Simon: https://www.youtube.com/user/miniminter Subscribe to Ethan: https://www...
Project: Playtime - Official Gameplay Trailer,https://www.youtube.com/watch?v=sanjqXRDSXM,,Mob Entertainment,WISHLIST NOW : https://store.steampowered.com/app/1961460/PROJECT_PLAYTIME/ JOIN THE POPPY PLAYTIME DISCORD: https://discord.gg/bmaSzBfFrt PROJECT: PLAYTIME is a multiplayer horror game...
Alien: Isolation Review,https://www.youtube.com/watch?v=NyIA-SRJGco,,MandaloreGaming,Alien Isolation is an immersive survival horror game about avoiding both a xenomorph and the Amazon Basics version of people. Support the channel at: https://www.patreon.com/mandaloregaming...
IShowSpeed Goes Shopping for Sneakers at Kick Game,https://www.youtube.com/watch?v=OidG0ydIX3g,,Kick Game,"The YouTube sensation known as IShowSpeed came through to our Covent Garden (London) store to go Shopping for Sneakers! We find out what sneakers he's into, if Ronaldo really is the greatest..."
